MAIN_ID,RA,DEC,Distance_distance
EM* AS  310,18 33 21.1940,-04 58 05.976,2461.236
[JCH96] NGC  4565 t,12 36 10.2580,+25 56 57.800,693.241
2MFGC 13750,17 14 09.719,-23 31 53.67,125.91
PN KFL   15,18 14 19.324,-25 20 51.22,6.355
PN H  1-41,17 57 19.1084,-34 09 48.784,5.752
PN K  3-5,18 31 45.8281,+04 05 09.319,7.594
IC 2553,10 09 20.8615,-62 36 48.545,3.722
PN A66   55,19 10 25.768,-02 20 23.46,2.186
SH  2-71,19 02 00.2849,+02 09 10.977,1.016
PN M  3-35,20 21 03.7631,+32 29 24.005,5.204
PN Bl  3-13,17 56 02.7875,-29 11 16.552,8.73
PN Lo    8,13 25 37.5025,-37 36 14.736,1493.206
NGC  6026,16 01 21.1234,-34 32 35.786,2.425
Hen 1-2,19 26 37.7448,+21 09 26.941,8.242
NGC  6578,18 16 16.517,-20 27 02.67,3.68
PN M  1-66,18 58 26.24,-01 03 45.6,4.135
PN K  3-62,21 31 50.1857,+52 33 51.571,5.507
WRAY 16-221,16 27 50.9220,-54 01 28.496,7.275
PN M  3-27,18 27 48.2638,+14 29 06.066,6.531
2MASS J13495218-6249406,13 49 52.1846,-62 49 40.658,3.72
PN A66   83,23 46 46.709,+54 44 37.69,2.964
PN A66   63,19 42 10.2896,+17 05 14.458,2738.976
2MASS J00400323+4142109,00 40 03.2313,+41 42 10.972,1113.958
CD-65   807,09 46 19.2156,-65 43 08.072,652.955
IC 2003,03 56 21.9884,+33 52 30.759,4.737
NGC  6302,17 13 44.5,-37 06 11,0.746
LS III +51   42,22 51 38.9171,+51 50 42.440,23.69
PN A66   53,19 06 45.910,+06 23 52.47,1.946
PN H  1-33,17 47 49.4162,-34 08 05.126,12.2
2MASS J00402316+4136404,00 40 23.1638,+41 36 40.524,520.535
IRAS 06252+1248,06 28 03.4692,+12 46 16.053,924.898
[RP2006] J052728-682052,05 27 28.5138,-68 20 51.599,459.031
CD-48  6027,10 54 40.5601,-48 47 02.815,815.528
2MASX J17164680-2459103,17 16 46.802,-24 59 10.39,120.58
NGC  6543,17 58 33.4039,+66 37 58.750,1.607
Hen 2-442,19 39 43.3532,+26 29 33.033,6.531
NGC  7293,22 29 38.5454,-20 50 13.747,0.16
IC  972,14 04 25.9204,-17 13 40.579,2.517
NGC  6567,18 13 45.1636,-19 04 34.071,3.652
PN K  2-3,07 06 56.8,-22 02 26,1.917
PN M  3-15,17 45 31.7096,-20 58 01.493,6.825
SH  1-89,21 14 07.628,+47 46 22.17,2.52
PN IsWe    1,03 49 05.9053,+50 00 14.898,425.459
PN H  1-43,17 58 14.4398,-33 47 37.621,13.45
PN M  1-40,18 08 25.989,-22 16 52.93,4.688
PN PB    5,09 16 09.6074,-45 28 42.808,5.345
PN A66   51,19 01 01.3921,-18 12 15.321,1.52
WRAY 16-159,15 04 08.6255,-60 53 20.140,3.455
WRAY 16-165,15 06 13.7137,-42 59 56.499,9.277
Hen 2-440,19 38 08.4,+25 15 41,10.11
PN M  2-16,17 52 34.37,-32 45 51.4,7.117
[CJF89] NGC 3384 e,10 48 22.8693,+12 39 21.408,450.227
PN M  1-8,06 53 33.795,+03 08 26.96,4.097
WRAY 16-116,12 30 07.6635,-63 53 00.759,3.596
PN KFL    7,18 06 49.957,-27 06 16.09,12.46
EGB  2,01 57 59.0863,+10 56 38.299,888.021
PN PBOZ    1,17 21 37.997,-28 55 14.92,8.019
CPD-51  6744,14 18 08.8853,-52 10 39.516,4.386
PN Pe  2-15,18 45 27.542,-06 56 57.43,13.51
PN A66   16,06 43 55.4180,+61 47 24.657,1.646
WRAY 16-23,08 37 08.10,-39 25 07.0,1.028
PN M  2-40,18 21 23.8579,-06 01 55.766,7.022
IC 4846,19 16 28.2266,-09 02 36.677,8.15
PN Sa  1-8,18 50 44.3429,-13 31 02.365,8.193
PN Pe  1-17,18 47 48.799,-09 09 06.93,9.899
PN Lo   13,16 09 45.9338,-30 55 07.821,1.656
PN K  1-6,20 04 14.2789,+74 25 36.381,258.819
HD 235858,22 29 10.3748,+54 51 06.344,1457.726
PN K  3-67,04 39 47.9282,+36 45 42.627,3.47
PN A66   41,17 29 02.0258,-15 13 04.482,4.698
IC 4642,17 11 45.2045,-55 24 01.663,3.04
PN KFL    3,18 02 52.931,-31 23 58.49,7.298
NGC  6894,20 16 23.965,+30 33 53.17,1.788
V* HM Lup,15 47 50.6288,-35 28 35.404,156.713
PN Pe  1-18,18 48 46.454,-05 56 07.71,8.206
NGC  6445,17 49 15.0282,-20 00 34.159,1.508
SH  2-272,06 15.0,+12 20,4.96
PN K  3-35,19 27 43.9749,+21 30 02.907,11.28
PN Th  3-27,17 35 58.467,-24 25 29.15,4.827
PN MyCn   18,13 39 35.0596,-67 22 51.750,3.342
PN M  1-73,19 41 09.2937,+14 56 58.980,6.676
PN H  1-18,17 29 42.76,-29 32 50.3,2.569
PN Th  4-7,17 52 22.569,-21 51 13.43,6.118
PN M  3-40,17 22 28.2905,-27 08 42.369,11.76
NGC  6210,16 44 29.5191,+23 47 59.421,2.308
NGC  7027,21 07 01.5719,+42 14 10.471,1.115
PN A66   86,00 01 30.974,+70 42 29.93,2.245
PN H  1-11,17 21 17.7263,-22 18 35.517,7.602
NGC  6537,18 05 13.104,-19 50 34.88,3.808
HD 202214,21 11 48.2375,+59 59 11.802,1032.0
IRAS 02044+6031,02 08 05.0355,+60 46 00.603,4.5
PN G121.6+03.5,00 38 54.178,+66 23 48.63,5.863
WRAY 15-1508,16 34 13.50,-49 21 12.3,2.676
[FHC96] S1003,12 39 46.6280,-11 43 02.677,789.765
NGC  1535,04 14 15.7689,-12 44 21.932,2.332
PN M  4-7,17 51 44.663,-31 36 00.18,6.44
PN M  1-80,22 56 19.8986,+57 09 20.865,5.613
PN K  3-19,19 01 36.575,-01 19 07.85,12.36
UCAC2  27669405,12 39 48.3061,-11 43 03.389,1622.06
Ford NGC 221 j,00 42 34.0694,+40 53 10.956,1692.62
PN H  1-40,17 55 36.0545,-30 33 32.359,7.283
PN H  1-45,17 58 21.8662,-28 14 52.195,13.55
WRAY 16-151,14 18 43.3392,-63 07 10.089,4.055
PN M  2-28,18 05 02.73,-30 58 18.0,9.65
NGC  2452,07 47 26.2649,-27 20 06.819,2.871
WRAY 16-190,15 52 10.6705,-62 30 47.205,4.992
PN M  1-53,18 35 48.267,-17 36 08.71,5.739
V* V448 Lac,22 24 31.4283,+43 43 10.978,3007.52
PN A66   54,19 08 39.5143,+22 58 59.537,2.768
PN PC   19,18 24 44.5255,+02 29 28.004,4.002
[CJH91] NGC 1023 h,02 40 37.9870,+39 05 28.109,1023.751
WRAY 16-194,15 58 08.1032,-55 41 50.351,7.048
WeBo 1,02 40 14.3689,+61 09 16.795,1573.812
WRAY 16-72,10 34 19.091,-53 41 03.11,5.21
PN M  1-5,05 46 50.0119,+24 22 02.848,7.186
[CJF89] NGC 3377 a,10 47 50.5058,+13 58 50.254,2535.497
PN K  4-30,19 33 09.0268,+22 58 33.635,11280.0
PN K  3-17,18 56 18.164,+07 07 25.88,2.215
PN M  4-18,04 25 50.8356,+60 07 12.780,8.959
PN M  3-12,17 36 22.634,-21 31 12.22,7.87
PN H  2-48,18 46 35.1182,-23 26 48.261,7.011
PN K  3-11,18 41 07.311,-08 55 58.97,10.92
PN M  3-36,17 12 39.1651,-25 43 37.502,14.41
PN M  2-27,18 03 52.5718,-31 17 47.161,12.54
PHR J0701-0749,07 01 09.4098,-07 49 23.880,3135.779
PN KFL   11,18 10 12.244,-27 16 35.00,15.41
PN K  3-52,20 03 11.44,+30 32 34.1,5.248
PN M  3-39,17 21 11.49,-27 11 36.3,2.122
PN M  1-32,17 56 20.11,-16 29 04.6,4.796
PN H  1-16,17 29 23.4288,-26 26 05.773,6.28
WRAY 16-74,10 35 45.7221,-64 19 11.562,4.435
NGC  6804,19 31 35.1453,+09 13 31.298,1.636
IRAS 15154-5258,15 19 08.7609,-53 09 49.732,3342.25
ESO  40-11,13 34 14.3324,-75 46 31.289,2313.208
PN M  2-10,17 14 07.0266,-31 19 42.983,10.41
PN Sp    1,15 51 40.9510,-51 31 28.545,1.206
V* V807 Cas,23 12 12.9830,+59 35 59.128,2773.156
PN M  3-30,18 41 14.938,-15 33 43.58,4.536
PN K  1-4,17 40 27.52,-27 01 02.1,1.965
PN M  4-11,18 54 17.671,-10 05 14.49,3.981
PN Mz    1,15 34 16.6410,-59 09 08.105,2.681
V* R Scl,01 26 58.0939,-32 32 35.439,393.128
NGC  3211,10 17 50.544,-62 40 12.10,2.934
MCG-01-19-001,07 22 10.8823,-05 55 46.923,17.3
Hen 2-434,19 33 49.3653,-74 32 58.655,5.113
MWP 1,21 17 08.2817,+34 12 27.415,502.386
PN Vy  1-2,17 54 22.98,+27 59 58.1,9.106
PN H  1-7,17 10 27.3823,-41 52 49.392,1043.406
PN K  3-91,01 58 36.2694,+66 33 58.497,8.618
[CJF89] NGC 3379 a,10 48 00.5651,+12 37 05.289,1184.553
NGC  7094,21 36 52.9687,+12 47 19.099,1.382
PN H  1-63,18 16 19.3441,-30 07 36.067,7.46
PN M  3-7,17 24 34.4529,-29 24 19.796,6.394
PN M  1-18,07 42 04.167,-14 21 13.27,4.484
PN M  3-6,08 40 40.2260,-32 22 33.595,4.271
PN Hb    8,19 05 35.9385,-33 11 38.011,9.346
ESO  89-5,07 50 38.0873,-64 15 46.878,666.445
WRAY 16-152,14 20 48.92,-55 27 59.2,6.447
NGC  2792,09 12 26.561,-42 25 38.92,3.086
PN A66    4,02 45 23.9,+42 33 03,5.686
[DLW84] G35.2S,18 58 10.4846,+01 36 57.226,1.505
PN M  3-4,07 55 11.3981,-23 38 12.606,6.466
NGC  2818A,09 16 01.4901,-36 37 37.516,2.511
PN M  2-49,21 43 17.60,+50 25 14.4,7.012
PN Hb   12,23 26 14.8236,+58 10 54.543,14.25
Hen 1-6,20 17 21.424,+25 21 46.78,4.136
[FHC96] S1601,12 39 51.6754,-11 35 58.223,174.737
PN A66   32,09 16 24.8,+03 53 26,1118.0
PN Y-C   40,07 50 02.8404,-17 52 03.422,1263.105
NGC  5844,15 10 40.60,-64 40 25.0,1.388
PN M  3-8,17 24 52.15,-28 05 54.6,7.289
PN BV    2,00 40 21.614,+62 51 34.28,8.132
WRAY 16-178,15 23 36.35,-53 51 28.1,10.53
PN K  3-42,19 39 35.785,+20 19 01.87,14.07
PN DeHt    2,17 41 40.9000,+03 06 57.542,1746.725
WRAY 16-100,11 48 38.0955,-65 08 36.445,6.811
[CJH91] NGC 1023 j,02 40 27.4049,+39 04 30.545,628.536
2MASS J00425705+4053487,00 42 57.0521,+40 53 48.830,945.09
PN Pe  1-19,18 49 44.643,-07 01 35.03,10.69
NGC  6881,20 10 52.45,+37 24 42.4,5.703
LBN   809,05 07 09.096,+30 49 28.13,1.083
NGC  2440,07 41 55.4,-18 12 32,1.476
PN K  1-10,07 12 35.493,-16 05 59.71,2.786
WRAY 15-1585,16 59 36.1292,-51 42 08.621,10.27
PN Cn  1-5,18 29 11.6500,-31 29 59.135,5.586
PN KFL    9,18 07 19.381,-31 42 56.95,6.749
SH  1-118,00 07 20.1377,+64 57 21.256,1161.0
Ve 6-22,08 59 15.8986,-45 35 35.145,2684.564
PN KFL    4,18 02 51.67,-27 40 59.6,18.88
PN A66   67,19 58 27.0218,+03 03 00.009,2.035
HD 281789,04 13 20.0244,+31 10 47.282,326.627
Jonckheere  320,05 05 34.2777,+10 42 22.924,6.645
[RP2006] J053644-673259,05 36 44.5201,-67 32 59.188,666.267
WRAY 16-223,16 29 53.2961,-53 23 14.437,2.824
NGC  4071,12 04 14.7015,-67 18 36.458,1.614
PN Hb    7,18 55 37.8037,-32 15 48.553,8.203
V* V2116 Oph,17 32 02.1532,-24 44 44.129,4.5
PN A66    9,05 28 56.7,+36 03 05,3999.0
WRAY 16-40,09 18 01.3172,-54 39 29.165,3.383
HD 250550,06 01 59.9892,+16 30 56.727,760.283
WRAY 16-142,13 58 13.8998,-58 54 31.584,4.947
PN K  3-60,21 27 26.4794,+57 39 06.170,9.755
PN M  1-62,18 50 26.0470,-22 34 22.707,10.36
NGC  3132,10 07 01.7656,-40 26 11.130,1.277
Hen 2-105,14 15 24.7806,-74 12 46.070,2.796
PN Y-C   47,18 37 25.8494,-24 26 36.893,1044.277
ESO  95-1,12 09 01.260,-63 15 59.63,1.206
PN M  1-9,07 05 19.2001,+02 46 59.452,11.71
[JCF89] a,09 55 15.7278,+69 05 15.496,1359.989
PN H  1-24,17 33 37.5822,-21 46 24.764,5.96
PN KjPn    6,22 49 02.1772,+67 01 38.252,9.203
PN K  3-87,22 55 06.9347,+56 42 31.022,9.399
PN M  1-28,17 47 38.3,-22 06 20,4.679
PN K  3-36,19 32 39.557,+07 27 51.57,11.56
NGC  6058,16 04 26.5481,+40 40 58.949,3.888
PN HFG    1,03 03 47.0096,+64 54 35.517,707.564
PN A66   80,22 34 45.6076,+52 26 05.830,1.564
HRDS G052.098+01.042,19 23 37.19,+17 29 01.2,7.5
SH  2-78,19 03 10.0757,+14 06 58.775,698.422
PN K  3-92,02 03 41.171,+64 57 37.88,7.221
WRAY 17-94,17 40 12.84,-26 44 21.9,9.65
SS 438,19 14 59.7259,+17 22 46.027,1586.294
PN SwSt    1,18 16 12.2834,-30 52 07.906,2.853
PN M  2-22,17 58 32.58,-33 28 36.8,8.645
WRAY 16-222,16 29 31.00,-59 09 24.0,4.827
[FHC96] S2202,12 39 51.8385,-11 35 15.014,1436.988
PN M  1-29,17 50 17.9658,-30 34 54.987,4.175
PN A66   73,20 56 27.032,+57 26 03.05,1.9
PN H  1-55,18 07 14.5591,-29 41 24.652,6.695
[CJF89] NGC 3379 c,10 47 41.8428,+12 37 45.162,118.113
PN K  3-58,20 21 58.279,+29 59 21.08,5.776
V* AG Car,10 56 11.5781,-60 27 12.810,5194.805
EM* MWC  137,06 18 45.5220,+15 16 52.244,1091.0
PN A66   65,19 46 34.2091,-23 08 12.966,1.69
PN H  2-1,17 04 36.2535,-33 59 18.777,5.816
PN M  2-39,18 22 01.1620,-24 10 39.916,12.22
2MASS J12311668+2547134,12 31 16.6815,+25 47 13.406,322.789
IC 4599,16 19 23.2088,-42 15 36.708,3.184
PN M  4-9,18 14 18.41,-04 59 22.1,1.819
Hen 2-178,16 42 33.4932,-38 54 40.139,3292.723
PN HDW    5,06 23 37.1527,-10 13 23.647,1077.818
PN Vy  2-2,19 24 22.2390,+09 53 56.259,4.394
PN Pe  2-5,10 28 34.6245,-59 03 23.363,1163.738
PN M  4-14,19 21 00.718,+07 36 52.37,7.55
PN Pe  2-3,09 10 16.7064,-44 24 32.010,2046.245
PN KFL   12,18 10 30.807,-28 19 22.91,16.98
PN Cn  3-1,18 17 34.1015,+10 09 03.304,6.508
PN M  2-24,18 02 02.8945,-34 27 47.275,9.456
PN M  1-1,01 37 19.3623,+50 28 11.344,8.094
PN K  3-76,20 25 04.8731,+33 34 50.493,9.434
PN M  1-60,18 43 38.0929,-13 44 49.280,9.516
PN Y-C   45,17 43 05.4174,+12 20 33.130,1285.68
Hen 2-432,19 23 24.8082,+21 08 00.382,7.057
PN M  2-36,18 17 41.43,-29 08 19.9,6.188
PN K  1-13,08 06 46.5011,-02 52 35.181,0.766
PN Hb    5,17 47 56.20,-29 59 39.6,1.706
PN M  4-13,19 13 38.4236,+14 59 19.157,6.736
PN M  1-20,17 28 57.6165,-19 15 54.033,7.998
PN MaC  1-14,18 41 13.0803,-13 11 43.109,2021.836
IC 2165,06 21 42.7847,-12 59 14.040,3.696
SH  2-188,01 30 33.1778,+58 24 50.325,943.485
PN H  1-47,18 00 37.6202,-29 21 50.638,8.938
PN M  1-30,17 52 58.95,-34 38 22.6,7.128
PN M  3-32,18 44 43.03,-25 21 34.8,6.703
PN K  4-41,19 56 34.027,+32 22 12.96,11.2
PN K  3-16,18 53 01.59,+12 16 00.2,7.282
PN A66   19,06 59 56.428,+14 36 33.97,2.337
NGC  6842,19 55 02.1,+29 17 22,1.249
PN K  1-24,14 38 15.8937,-44 13 05.466,3324.468
PN M  2-31,18 13 16.0521,-25 30 05.320,6.376
PN M  4-12,19 13 05.239,+15 46 39.80,7.553
[RP2006]  913,05 32 12.4968,-68 39 24.549,282.574
PN Th  3-21,17 29 59.8229,-30 38 26.448,1021.659
PN PC   17,17 35 41.7341,-46 59 49.273,8.275
PN Pe  1-12,18 17 42.379,-28 17 13.80,6.559
PN M  1-61,18 45 55.12,-14 27 37.9,5.396
PN M  3-44,17 51 18.9230,-30 23 53.176,7.512
PN K  3-48,19 52 09.126,+27 18 30.99,6201.0
PN PuWe    1,06 19 33.9428,+55 36 43.907,0.46
PN KFL   14,18 13 01.106,-29 25 15.59,6.246
NGC  6778,19 18 25.0,-01 35 47,3.187
WRAY 16-57,09 41 37.4988,-49 57 58.588,7.502
PN H  2-14,17 32 20.093,-39 51 25.60,4.487
2MASS J00402623+4138472,00 40 26.2315,+41 38 47.219,1094.571
NGC  7048,21 14 15.1876,+46 17 17.103,1.534
PN M  3-54,18 33 03.745,-13 44 19.95,8.731
PN ShWi    1,18 02 25.85,-29 25 05.4,7.363
PN G102.9-02.3,22 26 17.2674,+54 49 38.244,1.826
PN A66   24,07 51 37.5535,+03 00 21.156,0.536
WRAY 16-162,15 05 16.80,-55 11 10.5,4.719
PN K  3-66,04 36 37.2375,+33 39 30.074,13.0
[PFF2004b] f21p1,13 28 01.8608,-42 33 07.803,1309.415
PN H  1-23,17 32 46.92,-30 00 14.9,9.863
WRAY 16-226,16 34 04.2423,-35 05 26.739,5.754
LS 3235,14 24 32.3538,-51 38 39.090,2483.855
PN SB   27,16 19 14.0367,-37 47 27.911,154.024
PN K  3-24,19 12 05.88,+15 09 04.5,6.757
PN H  1-13,17 28 27.5798,-35 07 31.602,2.647
PN V-V  3-4,18 30 37.4452,-19 15 27.593,3076.923
NGC  6620,18 22 54.182,-26 49 17.19,8.938
PN H  1-1,16 13 28.1768,-34 35 39.387,16.59
PN Pe  1-15,18 46 24.3514,-07 14 35.074,8.344
NGC  6833,19 49 46.5667,+48 57 40.113,10.96
PN HDW    3,03 27 15.4128,+45 24 20.390,916.086
HD 151895,16 54 35.1297,-64 14 28.564,4.094
PN M  1-77,21 19 07.3684,+46 18 47.160,6.081
ESO 165-8,08 57 53.8408,-53 52 33.521,776.036
PN A66   43,17 53 32.2767,+10 37 24.210,1.653
PN Tc    1,17 45 35.2879,-46 05 23.717,2.7
PN K  3-63,21 39 11.976,+55 46 03.94,5.903
PN Th  3-14,17 25 44.0827,-26 57 47.933,23.04
PN Pe  1-13,18 34 51.57,-22 43 18.4,9.293
PN PB    1,07 02 46.809,-13 42 33.74,5.243
PN A66    7,05 03 07.5327,-15 36 22.720,0.221
PN A66    6,02 58 41.873,+64 30 06.32,0.978
PN M  3-31,18 44 01.7726,-19 54 52.743,21.86
PN Pe  2-8,15 23 42.8825,-57 09 25.218,5.06
PN BV    1,00 20 00.450,+62 59 03.16,10.67
WRAY 16-198,15 59 57.6368,-55 55 33.002,7.486
PN Vy  2-1,18 27 59.6260,-26 06 48.065,8.09
[RP2006] J051540-680628,05 15 40.9522,-68 06 28.776,129.939
WRAY 16-227,16 35 21.2301,-53 50 11.387,8.242
IC  351,03 47 32.9806,+35 02 48.639,5.685
IC 4673,18 03 18.4585,-27 06 22.715,3.257
PN Sa  2-21,08 08 44.3,-19 14 02,3.415
HD 138403,15 37 11.2073,-71 54 52.887,3.627
PN K  3-26,19 14 39.178,+00 13 36.29,14.31
IC 1747,01 57 35.6899,+63 19 18.447,3.026
NGC  6852,20 00 39.2100,+01 43 40.921,2.768
PN PC   12,16 43 53.7839,-18 57 11.951,14.51
PN M  2-48,19 50 28.5252,+25 54 29.545,6.446
IRAS 19170+1706,19 19 18.7059,+17 11 48.877,2443.793
PN Th  4-5,17 50 28.377,-19 03 10.01,6.649
PN M  1-79,21 37 01.500,+48 56 02.62,3.174
PN M  2-19,17 53 45.6485,-29 43 46.975,8.8
PHR J1818-1526,18 18 59.3239,-15 26 20.519,3112.356
PN KjPn    8,23 24 10.472,+60 57 30.75,16.7
NGC  5315,13 53 56.9726,-66 30 50.859,3.443
PN G107.7+07.8,22 13 22.5173,+65 53 55.403,818.8
PN M  1-64,18 50 02.090,+35 14 36.10,5.666
WR  72,16 06 28.4800,-35 45 12.390,1224.74
[RP2006] J052216-694127,05 22 16.1735,-69 41 26.951,1151.145
PN M  2-35,18 17 37.20,-31 56 46.8,10.46
PN G003.1+01.9,17 45 39.0894,-25 14 07.075,478.675
IC 2120,05 18 09.4,+37 32 38,1388.0
PN M  2-18,17 53 37.85,-32 58 47.8,15.92
PN M  2-17,17 52 04.896,-17 36 05.23,6.742
NGC  6439,17 48 19.820,-16 28 44.42,6.403
PN M  2-45,18 39 21.88,-04 19 51.0,4.554
PN Vy  1-1,00 18 42.1732,+53 52 19.778,7.061
PN G129.2-02.0,01 42 38.000,+60 09 44.52,820.0
PN H  1-39,17 53 21.0206,-33 55 58.445,14.72
NAME Camel Galaxy,04 25 16.6,+72 48 24,3.56
PN K  1-21,08 04 14.193,-34 16 07.32,3.576
PN Th  3-25,17 30 46.81,-27 05 58.0,14.67
PN K  4-28,19 30 16.668,+14 47 21.84,10.89
MR  74,17 36 19.8953,-33 26 12.271,2300.966
PN Me  2-1,15 22 19.2811,-23 37 31.412,6.742
PN H  1-66,18 24 57.539,-25 41 55.76,8.38
PN M  3-19,17 58 19.36,-30 00 39.3,7.961
PN H  1-56,18 07 53.8842,-29 44 34.338,12.76
PN K  3-18,19 00 34.8294,-02 11 57.965,9.711
2MASS J00402121+4142130,00 40 21.2104,+41 42 12.987,1126.253
PN M  1-4,03 41 43.4191,+52 17 00.267,6.676
PN A66   40,16 48 34.515,-21 00 50.67,3.904
PN A66   62,19 33 17.693,+10 37 03.51,0.505
PN HDW    4,05 37 56.2344,+55 32 15.751,292.989
PN PB    6,10 13 15.9622,-50 19 59.563,4.471
PN H  1-46,17 59 02.5031,-32 21 43.494,8.127
PN K  2-7,19 40 29.0909,-20 27 05.899,1762.425
EM* AS  204,08 53 30.8813,-40 03 42.779,2.19
PN K  3-38,19 35 18.354,+17 13 00.71,8.494
PN K  3-69,05 41 22.1331,+39 15 07.885,17.77
PN K  1-7,05 31 45.498,+06 56 01.58,3.904
EM* AS  283,18 11 35.1005,-28 22 36.727,4.664
PN K  2-12,06 02 06.8725,-37 25 25.207,1984.127
WRAY 15-1520,16 38 28.6289,-45 23 41.453,4516.712
PN K  3-55,20 06 56.2756,+32 16 37.344,4.28
BD+40   138,00 40 10.7600,+41 37 47.707,426.167
Hen 2-289,17 49 48.2107,-37 01 27.797,5.825
NGC  6572,18 12 06.3181,+06 51 13.027,1.681
NGC  1909,05 02,-07.9,295.0
NGC  6742,18 59 20.030,+48 27 55.24,5.15
PN M  3-21,18 02 32.33,-36 39 11.3,7.175
PN K  4-45,21 35 21.061,+53 47 11.21,4576.0
NGC  2392,07 29 10.7671,+20 54 42.474,2.097
WRAY 16-175,15 22 19.3810,-54 08 12.691,5.48
PN G131.4-05.4,01 53 03.432,+56 24 17.11,7.032
ESO 428-14,07 16 31.2062,-29 19 28.882,23.2
PN KFL    2,18 00 59.9261,-28 16 19.725,12.65
NAME PCG 11,16 33 48.7363,-49 28 44.010,4926.108
HD   1440,00 18 42.7677,+30 49 13.138,340.727
PN PB    2,08 20 40.1874,-46 22 58.508,9.203
NGC  6369,17 29 20.4566,-23 45 34.771,1.102
NGC  5979,15 47 41.1732,-61 13 05.549,4.122
IC 5217,22 23 55.7180,+50 58 00.464,5.431
UCAC4 105-012588,05 29 02.8601,-69 04 29.953,971.44
PN M  2-29,18 06 40.9055,-26 54 56.375,8.731
NGC  1501,04 06 59.3920,+60 55 14.278,1.177
IPHASX J191716.4+033447,19 17 16.3943,+03 34 47.356,4071.66
PN Pe  1-3,10 44 31.12,-61 39 38.5,5.659
IC 2621,11 00 20.0284,-65 14 57.829,4.924
PN We  1-5,06 41 34.590,-05 02 34.89,7.328
MPA J1719-3043,17 19 20.0703,-30 43 40.314,1564.21
NGC  6884,20 10 23.6424,+46 27 39.631,4.465
PN K  3-2,18 25 00.5652,-01 30 52.497,4.709
WRAY 16-244,17 01 17.2316,-70 06 03.236,5.243
PN K  3-41,19 39 15.86,+16 20 46.7,50.72
PN Sp    3,18 07 15.8007,-51 01 10.214,1.917
NGC  6326,17 20 46.252,-51 45 15.17,3.552
V* V471 Per,01 58 49.6646,+52 53 48.462,2.923
IC 2448,09 07 06.3191,-69 56 30.692,4.031
IC 4670,17 55 07.031,-21 44 40.04,4.253
PN G231.1+03.9,07 39 50.5576,-14 18 25.878,2181.977
PN H  1-12,17 26 24.2983,-35 01 41.378,2.26
PN V-V    3,18 37 11.11,-19 02 21.9,20.35
PN H  1-32,17 46 06.3276,-34 03 46.335,6.88
PN K  4-16,19 04 51.5055,+15 47 39.125,15.45
MCG-05-46-002,19 32 20.1648,-29 23 09.345,101.36
WRAY 16-229,16 39 28.1078,-36 34 16.612,6.212
PN H  1-29,17 44 13.8729,-34 17 32.824,4.477
Min 2-62,06 43 48.4473,-01 08 19.726,8.7
PN M  2-1,03 52 16.7461,+60 58 08.905,529.633
PN Pe  1-21,18 57 49.642,-05 27 39.73,5.182
PN M  2-38,18 19 25.19,-26 35 20.2,7.049
PN Th  3-9,17 23 59.2518,-31 01 51.494,18210.0
IC  289,03 10 19.3015,+61 19 00.913,1.51
IC 4776,18 45 50.705,-33 20 34.12,5.023
PN H  1-14,17 28 01.7515,-24 25 23.316,6.463
PN A66   34,09 45 35.3370,-13 10 15.835,0.736
PN Th  3-10,17 24 40.90,-30 51 59.6,12.47
PN H  1-17,17 29 40.5936,-28 40 22.333,26.0
SH  2-271,06 15.2,+12 22,3.9
PN Pe  2-12,18 01 10.2665,-27 38 19.740,12.33
IC 1454,22 42 24.6191,+80 26 31.247,4.731
PN PB    9,19 27 44.8123,+10 24 20.698,4.006
PN H  3-75,05 40 44.9723,+12 21 22.518,2.927
PN M  2-13,17 28 34.1923,-13 26 20.742,16.8
PN A66   36,13 40 41.3455,-19 52 55.324,0.383
PN K  3-90,01 24 58.6160,+65 38 36.098,5.881
NGC  6153,16 31 30.5708,-40 15 12.646,1.499
PN M  1-72,19 41 33.9729,+17 45 17.525,9.785
PN My   60,10 31 33.4335,-55 20 50.821,4.858
PN A66   26,08 09 01.644,-32 40 24.91,3.415
[CJH91] NGC 1023 o,02 40 07.2586,+39 02 12.474,82.728
PN M  2-46,18 46 34.61,-08 28 02.1,13.79
Hen 1-5,20 11 56.0595,+20 20 04.420,3.548
PN G018.9+04.1,18 10 26.48,-10 29 03.1,6.863
NGC  2346,07 09 22.5215,-00 48 23.610,1.733
PN M  1-56,18 37 46.27,-17 05 46.8,13.87
2MASS J05243285-6900067,05 24 32.8496,-69 00 06.631,191.139
PN A66   28,08 41 35.5549,+58 13 48.384,0.927
NGC  3918,11 50 17.7709,-57 10 57.017,1.623
PN H  1-59,18 11 29.263,-27 46 15.69,9.53
PN KFL   13,18 12 45.0792,-25 44 24.346,5.894
PN K  1-20,23 39 10.842,+48 12 29.07,4.332
PN K  1-8,07 03 17.3,-10 35 02,1183.0
LEDA  166684,20 35 28.8526,+51 35 27.398,46.37
NGC  6891,20 15 08.8435,+12 42 15.584,2.9
PN K  1-22,11 26 43.7671,-34 22 11.178,1.009
PN H  1-35,17 49 13.9398,-34 22 52.812,5.935
WRAY 16-181,15 25 07.8463,-51 19 42.135,6.774
PN SaSt  2-15,17 38 57.3713,-18 17 35.788,17.03
IC 1295,18 54 37.1482,-08 49 37.419,1.168
PN A66    2,00 45 34.678,+57 57 34.88,3.669
PN M  2-15,17 46 54.449,-16 17 24.80,7.712
[JCH96] NGC  4565 g,12 35 56.5582,+26 03 09.632,393.314
2MASS J05055161-7034436,05 05 51.5956,-70 34 43.679,178.253
IC 4663,17 45 28.6295,-44 54 17.987,3.507
[CJF89] NGC 3384 f,10 48 20.3258,+12 40 14.780,1013.274
WRAY 16-125,13 09 36.2390,-61 19 35.976,4.909
PN K  2-8,17 05 31.1715,-10 05 48.934,2718.869
PN A66   61,19 19 10.2027,+46 14 51.973,1559.089
Lan  21,19 44 59.1363,+22 45 47.753,392.203
PN KFL   19,18 23 08.890,-29 43 25.17,11.34
WRAY 15-619,10 39 08.6786,-51 24 12.651,1474.49
WRAY 16-44,09 22 06.7829,-54 09 39.462,5.133
PN A66    3,02 12 06.6635,+64 09 02.332,2.615
PN A66   39,16 27 33.7199,+27 54 33.471,1.189
PN M  1-26,17 45 57.6673,-30 12 00.766,2.225
IC  418,05 27 28.2059,-12 41 50.282,1.552
PN K  3-4,18 31 00.227,+02 25 27.35,4.603
SH  2-128,21 32 09.9,+55 52 53,1.294
PN Ba    1,03 53 36.549,+19 29 38.62,2.512
PN My   59,10 23 09.1381,-60 32 42.103,5.072
SH  2-68,18 24 58.4294,+00 51 36.021,408.847
EM* AS  281,18 10 43.8625,-27 57 50.104,5847.0
HD 148937,16 33 52.3869,-48 06 40.476,1188.072
PN DS    2,15 43 05.0418,-39 18 14.603,821.49
IC 4191,13 08 47.3071,-67 38 37.542,2.817
PN M  1-33,17 58 58.81,-15 32 14.8,7.364
PN M  1-44,18 16 17.3419,-27 04 30.536,10.44
PN M  2-20,17 54 25.32,-29 36 08.2,9.503
PN Sa  2-230,17 42 02.007,-15 56 07.46,7.156
WRAY 16-134,13 43 58.8254,-55 19 43.277,137.584
NGC  5307,13 51 03.2580,-51 12 20.835,3.272
MPA J1508-6455,15 08 06.4755,-64 55 48.798,4636.069
PN M  4-4,17 28 50.2977,-30 07 44.997,7.597
PN M  3-37,17 19 13.386,-25 17 17.55,16.8
IRAS 18454+0250,18 48 00.6605,+02 54 17.127,1505.117
V* BI Cru,12 23 25.9932,-62 38 15.988,3152.585
ESO 126-1,09 12 37.4477,-58 50 32.207,39.02
PN A66   44,18 30 11.242,-16 45 26.32,2.098
NGC  1360,03 33 14.6468,-25 52 17.977,0.355
WRAY 16-290,17 36 06.9416,-49 25 45.242,8.481
NGC  6337,17 22 15.6721,-38 29 01.735,1.369
PN M  2-11,17 20 33.27,-29 00 39.1,10.87
WRAY 16-200,16 00 59.14,-55 05 40.1,5.311
PN K  3-6,18 33 17.4969,+00 11 46.782,5.879
PN M  3-29,18 39 25.8182,-30 40 37.222,5.861
WRAY 16-182,15 25 32.6550,-52 50 37.942,10.33
PN Sn    1,16 21 04.3989,-00 16 10.680,8.604
NGC  7026,21 06 18.5723,+47 51 06.774,2.086
PN A66    8,05 06 38.4185,+39 08 08.668,1.668
Hen 2-436,19 32 06.7087,-34 12 57.520,4.992
PN K  1-1,08 31 52.633,-32 06 08.69,2.389
PN Vy  1-4,18 54 01.8931,-06 26 20.229,10.22
WRAY 16-413,18 31 52.8340,-24 46 17.691,15.88
WRAY 16-217,16 22 14.3332,-53 40 54.122,9.748
PN K  3-68,05 31 35.856,+28 58 41.55,6.774
IC 4593,16 11 44.5479,+12 04 17.031,3.232
[RP2006] J053228-704728,05 32 28.3038,-70 47 29.005,536.366
PN M  1-17,07 40 22.1724,-11 32 29.783,10.92
PN ARO  121,07 57 51.6169,+53 25 16.950,939.232
LEDA   86290,18 36 24.236,+10 18 46.72,49.5
NGC  6818,19 43 58.022,-14 09 13.44,2.079
PN K  3-37,19 33 46.75,+24 32 27.1,11.9
PN We  1-4,06 14 33.716,+07 34 29.87,4.573
PN G292.3+00.5,11 23 51.1593,-60 30 50.644,2993.116
PN LoTr    5,12 55 33.7471,+25 53 30.559,454.938
PN Lo    1,02 56 58.4329,-44 10 17.842,807.624
PN M  2-53,22 32 17.720,+56 10 26.12,5.433
PN K  3-65,04 15 54.53,+48 49 40.1,10.74
PN M  2-47,19 13 34.5440,+04 38 04.013,5.62
PN G097.6-02.4,21 57 41.7846,+51 41 39.289,11.14
PFP 1,07 22 17.6971,-06 21 45.982,534.188
PN M  2-5,17 02 19.0885,-33 10 04.843,8.229
PN M  2-2,04 13 15.0286,+56 56 58.407,5.662
PN K  2-5,17 54 26.179,-12 48 35.95,3.602
PN H  1-67,18 25 04.976,-22 34 52.64,7.86
EM* AS  345,19 14 04.1376,+17 31 33.124,6.826
PG 0057+155,00 59 56.6673,+15 44 13.740,0.837
WRAY 16-219,16 24 21.44,-54 36 03.2,4.909
V* CP Pup,08 11 46.0634,-35 21 04.986,813.14
IC 4732,18 33 54.6340,-22 38 41.382,6.88
WRAY 16-53,09 38 01.2104,-50 09 42.015,125.823
[RP2006] J053745-671153,05 37 45.6384,-67 11 53.218,195.668
PN BoBn    1,00 37 16.03,-13 42 58.6,17.52
PN A66   84,23 47 44.0543,+51 23 57.161,1.388
PN H  1-20,17 30 43.8092,-28 04 06.841,7.601
Hen 2-149,16 14 24.266,-54 47 38.82,13.12
M  76,01 42 19.6557,+51 34 31.534,1.436
PN PC   22,19 42 03.514,+13 50 37.33,3.721
THA 17-18,13 10 04.8535,-63 11 29.981,5035.247
PN Cn  2-1,17 54 33.010,-34 22 21.15,8.101
[MTK2008] W1693,12 48 25.9576,-05 46 53.062,1078.981
PN M  4-3,17 10 41.7794,-27 08 44.078,5.487
PN K  3-94,03 36 08.086,+60 03 46.29,8.162
PN A66   17,06 48 38.0151,-09 32 38.748,3100.0
PN M  1-75,20 04 44.1,+31 27 28,4.403
PN K  3-57,20 12 47.725,+34 20 32.79,5.599
[DSH2001] 333-3,17 22 31.1535,-38 08 09.294,1499.7
PN Sd    1,20 29 18.931,+40 15 20.60,5618.0
PN A66   21,07 29 02.7096,+13 14 48.587,0.248
PN M  1-13,07 21 15.037,-18 08 34.65,5.438
PN K  3-51,20 02 36.3437,+17 36 50.900,8.801
LBN 196.21-01.17,06 15 54.5,+14 17 57,3.89
PN K  4-47,04 20 45.2219,+56 18 12.115,10.36
PN A66   18,06 56 14.659,-02 53 07.81,1.609
PN Pe  1-5,16 15 20.127,-49 13 21.59,3.071
PN M  3-16,17 52 46.0471,-30 49 35.021,6.805
PN Me  2-2,22 31 43.6753,+47 48 03.836,12.33
Hen 2-427,19 11 30.8749,+16 51 38.200,0.696
PN A66   14,06 11 08.6567,+11 46 43.824,3.38
WRAY 16-135,13 45 22.3626,-71 28 56.118,7.175
PG 1520+525,15 21 46.5635,+52 22 03.867,771.962
IC 2149,05 56 23.9011,+46 06 17.204,3.113
PN M  3-34,19 27 01.8981,-06 35 04.739,6.726
UGCA  92,04 32 03.8366,+63 36 51.243,1.8
PN M  1-46,18 27 56.3175,-15 32 54.434,3.621
Hen 2-446,19 44 05.2594,+23 26 47.957,2287.283
PN Th  3-26,17 31 09.30,-28 14 50.4,7.566
PN M  1-14,07 27 56.5101,-20 13 22.650,6.49
PN A66   60,19 19 17.7906,-12 14 36.128,1.741
NGC  6807,19 34 33.53,+05 41 02.5,12.7
PN M  1-25,17 38 30.3160,-22 08 38.934,6.682
PN SB   38,18 03 29.0292,-39 21 26.876,4030.633
WRAY 16-147,14 11 52.0604,-51 26 24.187,4.721
PN H  1-53,18 05 57.43,-26 29 42.0,2.764
PN M  2-8,17 05 30.70,-32 32 08.1,9.369
EM* AS  200,08 28 27.9571,-39 23 40.041,4.675
PN K  3-49,19 54 00.6166,+33 22 12.491,14.3
PN Y-C  2-5,08 10 41.6412,-20 31 32.309,7.909
PN HaTr    7,17 54 09.4487,-60 49 57.659,1703.87
HD  55439,07 12 34.8109,-09 50 42.102,1237.317
PN A66   11,05 37 21.5669,+08 15 29.285,2901.0
ESO 512-20,14 44 56.9301,-23 47 39.726,45.75
PN M  1-22,17 35 10.239,-18 34 20.41,9.884
PN K  2-4,12 18 18.5,+11 03 08,253.0
2MASS J00425111+4048484,00 42 51.1205,+40 48 48.527,440.335
Hen 2-459,20 13 57.8909,+29 33 55.874,8.252
NGC  2610,08 33 23.4238,-16 08 57.796,2.241
PN M  3-25,18 15 16.967,-10 10 09.47,5.804
WRAY 16-218,16 23 30.6466,-58 19 22.800,20.12
NGC  6741,19 02 37.10,-00 26 56.7,3.714
PN K  4-9,18 53 41.1714,+28 32 12.473,197.957
PN M  1-47,18 29 11.1420,-21 46 54.068,7.807
PN K  1-11,07 36 07.9179,+02 42 27.543,1.586
PN K  2-2,06 52 23.1654,+09 57 55.772,0.451
PN M  1-55,18 36 33.8579,-21 49 02.694,3.321
PN K  1-3,16 23 19.0090,-31 44 58.628,0.606
PN M  1-50,18 33 20.88,-18 16 37.1,6.052
IC 4637,17 05 10.47,-40 53 07.7,2.424
PN M  3-38,17 21 04.4699,-29 02 59.700,14.22
PN Hb    4,17 41 52.8002,-24 42 08.330,5.096
PN K  1-28,10 34 30.6203,-29 11 15.215,2.727
PN A66   23,07 43 17.984,-34 45 15.64,2.316
PN A66   12,06 02 20.045,+09 39 14.09,2.082
PN M  1-34,18 01 22.146,-33 17 45.21,5.101
PN K  1-16,18 21 52.1086,+64 21 53.406,0.913
RCW  90,15 05 59.2054,-55 59 16.581,3.589
PN A66   72,20 50 02.0523,+13 33 29.525,1.167
WRAY 16-139,13 52 30.6807,-66 23 26.577,3.813
PN H  2-43,18 12 47.9863,-28 19 59.741,5.173
GSC 02801-02082,00 42 53.3895,+40 52 15.987,680.643
RAFGL  618,04 42 53.6242,+36 06 53.400,3.613
PN A66   71,20 32 23.216,+47 20 50.41,0.74
PN Pe  1-20,18 57 17.351,-05 59 51.79,6.212
PN M  2-52,22 20 30.7797,+57 36 21.218,5.259
PN Th  4-11,18 00 08.7874,-17 40 43.334,19.54
V* V1023 Tau,04 18 47.0291,+28 20 07.493,127.393
Hen 2-325,18 01 06.3006,-26 21 26.097,1602.821
PN M  1-16,07 37 18.902,-09 38 47.96,9.554
V* SV Car,09 48 20.6235,-59 32 11.643,1139.991
NGC  7408,22 55 56.8300,-63 41 40.813,48.65
IC 4634,17 01 33.5816,-21 49 33.015,3.97
PN K  3-78,20 45 22.6885,+50 22 39.860,8.638
[JCH96] NGC  4565 o,12 36 08.6743,+25 58 27.787,566.99
PN H  2-20,17 45 39.81,-25 40 00.3,9.557
PN M  1-31,17 52 41.4448,-22 21 57.159,5.157
WRAY 16-205,16 10 41.0035,-54 57 34.657,2.048
PN V-V  3-5,18 36 32.2456,-19 19 29.071,1490.313
PN M  4-8,18 12 09.6056,-10 42 58.355,14.95
PN M  1-48,18 29 30.0553,-19 05 43.953,10.14
PN K  3-82,21 30 51.4752,+50 00 08.465,3.221
PN K  3-61,21 30 00.7565,+54 27 27.195,7.416
PN Lo   16,17 35 41.8805,-40 11 26.481,1820.167
PN M  2-55,23 31 52.708,+70 22 10.11,2.292
PN Me  1-1,19 39 09.8202,+15 56 48.274,5.249
NGC  6803,19 31 16.4826,+10 03 21.620,5.334
PN K  3-27,19 14 29.9599,+28 40 45.294,4.807
PN M  1-42,18 11 04.99,-28 58 59.1,5.576
NGC  6565,18 11 52.4858,-28 10 42.421,4.714
PN H  1-54,18 07 07.2793,-29 13 05.972,12.48
PN KFL   16,18 16 53.9673,-26 23 24.102,7.151
IC 5117,21 32 30.9691,+44 35 47.540,8.243
PN PC   23,19 51 52.72,+32 59 17.8,13.0
WRAY 16-16,08 11 31.800,-48 43 17.70,1.764
PN M  2-26,18 03 11.92,-26 58 31.2,8.39
PN M  1-52,18 33 58.50,-14 52 26.6,7.049
2MASS J06014204-7108094,06 01 42.0653,-71 08 09.411,111.807
PN H  1-2,16 48 54.1065,-35 47 08.952,5.419
PN H  1-42,17 57 25.1720,-33 35 43.132,6.197
PN DdDm    1,16 40 18.1517,+38 42 20.033,26.0
PN Pe  2-2,09 09 03.6721,-44 17 44.447,2973.536
PN M  3-22,18 02 19.238,-30 14 25.38,7.803
PN Mz    3,16 17 13.3915,-51 59 10.711,1.496
HD 184738,19 34 45.2337,+30 30 58.950,2.956
NGC  6886,20 12 42.8301,+19 59 22.632,5.159
PN Na    1,17 12 51.8802,-03 15 59.829,7.328
NGC  6072,16 12 58.3635,-36 13 47.395,1.241
PN K  3-43,19 40 25.908,+18 49 14.20,24.09
PN A66   30,08 46 53.4639,+17 52 46.369,1.722
PN M  3-20,17 59 19.35,-28 13 48.2,7.744
PN M  4-10,18 34 13.85,-13 12 24.7,9.668
NGC  3242,10 24 46.1335,-18 38 32.296,1.107
PN M  1-74,19 42 18.78,+15 09 08.3,9.43
EM* AS  201,08 31 42.8828,-27 45 31.543,2406.16
ESO 215-39,11 17 04.215,-49 12 05.26,47.64
PN M  1-27,17 46 45.4755,-33 08 35.133,4.665
PN Pu    1,05 52 48.4555,+28 05 59.155,2.066
SH  2-167,23 35 30,+64 52.3,6.8
PN A66   13,06 04 47.896,+03 56 35.76,1.203
[JCH96] NGC  4565 v,12 36 46.5239,+26 00 35.642,467.836
NGC  3699,11 27 57.8398,-59 57 28.454,1.988
PN M  2-9,17 05 37.9615,-10 08 32.506,2.132
PN M  3-28,18 32 41.288,-10 05 50.03,5.31
NGC  6309,17 14 04.3074,-12 54 37.893,2.767
WRAY 16-94,11 31 45.4605,-65 58 14.143,4.617
PN M  2-7,17 05 13.91,-30 32 19.7,7.24
PN Ps    1,21 29 59.3972,+12 10 26.275,10.12
NGC  2371,07 25 34.6883,+29 29 26.430,1.874
JaSt2  4,17 42 28.0559,-27 13 31.779,1412.03
PN H  2-11,17 29 25.9611,-25 49 07.205,10.93
NGC   246,00 47 03.3420,-11 52 18.971,0.48
M  97,11 14 47.7122,+55 01 08.482,0.693
HD 141969,15 56 01.6950,-66 09 09.231,4.869
PN M  1-6,06 35 45.1241,-00 05 37.396,5.812
[RP2006] J053141-711346,05 31 41.9375,-71 13 46.865,266.553
PN Pe  2-1,09 04 10.8814,-44 32 52.577,2030.457
PN MaC  1-7,17 51 23.2198,-31 13 46.462,1371.93
VSP 2-30,19 13 17.6171,+15 39 20.949,333.823
IC 3568,12 33 06.8549,+82 33 50.202,3.941
PN G197.4-06.4,05 59 24.8669,+10 41 40.411,579.878
[RP2006] J053544-665122,05 35 44.2344,-66 51 21.892,404.629
ESO 455-139,17 39 02.9171,-28 56 35.634,3.617
NGC  5882,15 16 49.9562,-45 38 58.616,2.389
PN M  1-19,17 03 46.8491,-33 29 44.433,10.93
EM* AS  375,19 59 18.014,+31 54 39.14,3313.0
[JCH96] NGC  4278 i,12 19 35.6763,+29 22 35.493,677.92
PN M  1-59,18 43 20.20,-09 04 49.1,5.482
PN K  3-14,18 48 32.8112,+10 35 50.714,27.19
[RP2006] J053119-705422,05 31 19.7934,-70 54 22.240,396.087
PN PC   14,17 06 14.75,-52 30 00.5,6.147
CD-49 11554,17 35 02.4970,-49 26 26.379,4205.214
PN M  3-2,07 14 49.9223,-27 50 23.233,8930.0
PN K  3-40,19 36 21.81,+23 39 47.7,8.896
PN M  3-41,17 25 59.82,-29 21 50.4,6.632
PN Dd    1,20 08 43.080,+42 30 11.19,4.309
WRAY 15-1341,15 41 58.83,-56 36 25.6,3.866
THA 17-3,12 53 30.9035,-61 51 32.396,2033.76
IRAS 18348-0616,18 37 30.420,-06 14 14.49,7.7
M  27,19 59 36.3631,+22 43 16.312,0.242
PN K  3-54,20 04 58.6341,+25 26 37.272,23.43
PN HDW    7,07 55 11.3069,+09 33 09.181,152.0
WRAY 16-88,11 24 01.0442,-52 51 19.386,11.71
[CJH91] NGC 1023 r,02 40 05.8093,+39 03 48.610,579.072
NGC  6629,18 25 42.4541,-23 12 10.551,2.399
WRAY 16-172,15 18 20.7584,-59 38 17.324,6389.776
Z 397-5,19 45 34.82,+05 33 51.7,53.46
PN Th  3-12,17 25 06.126,-29 45 16.97,19.36
PN M  1-7,06 37 20.9195,+24 00 35.467,6.745
PN A66   59,19 18 40.003,+19 34 32.95,1.432
WRAY 16-144,14 05 36.75,-64 41 00.7,3.459
PN Vy  2-3,23 22 57.9043,+46 53 58.073,12.63
PN Pe  1-11,18 01 42.8863,-33 15 28.314,6.568
PN M  4-5,17 34 54.72,-26 35 57.3,8.05
[CJF89] NGC 3379 e,10 47 53.4953,+12 35 35.991,357.667
NGC  7139,21 46 08.586,+63 47 29.45,1.401
WRAY 16-92,11 28 47.3900,-60 06 36.668,6.74
PN A66   70,20 31 33.2075,-07 05 18.034,2.403
WRAY 16-163,15 06 01.90,-61 21 19.0,2.396
PN K  3-53,20 03 22.46,+27 00 54.8,6.273
PN H  1-9,17 21 31.9113,-30 20 48.608,10.05
PN M  1-41,18 09 30.10,-24 12 26.0,0.858
PN H  1-50,18 03 53.5082,-32 41 42.015,10.68
NGC    40,00 13 01.0170,+72 31 19.033,1781.9
NGC  6765,19 11 06.5583,+30 32 43.674,2.361
PN Fg    1,11 28 36.2243,-52 56 04.118,3.163
PN K  1-17,19 03 37.3621,+19 21 22.436,3.182
PN H  1-27,17 40 17.9448,-22 19 18.212,7.762
PN M  3-23,18 07 06.16,-30 34 17.8,4.302
EGB  4,06 29 33.9600,+71 04 36.394,371.996
CPD-57  2561,10 02 16.0088,-58 13 50.061,2511.301
NGC  7009,21 04 10.8155,-11 21 48.580,1.376
2MASS J00403465+4142071,00 40 34.6503,+41 42 07.165,299.5
PN M  3-43,17 50 24.34,-29 25 18.5,8.626
NGC  2867,09 21 25.3832,-58 18 40.626,2.254
EGGR 900,01 11 06.5712,+10 21 38.183,297.362
TK 1,08 27 05.5323,+31 30 08.311,551.177
PN M  3-45,17 52 05.96,-30 05 14.0,6.708
PN M  1-63,18 51 30.962,-13 10 36.58,9.884
PN K  4-11,19 03 33.9693,+08 44 24.259,772.26
PN VV   28,06 25 57.2710,+17 47 27.136,3.889
PN A66   46,18 31 18.5910,+26 56 12.110,2.245
NGC  2661,08 45 59.5736,+12 37 11.498,61.3
PN Hu  2-1,18 49 47.5610,+20 50 39.396,6.898
PN K  3-29,19 15 30.5684,+14 03 49.876,6.159
PN H  2-7,17 23 24.936,-28 59 06.05,10.13
SH  2-216,04 43 21.2638,+46 42 05.835,127.559
PN H  2-24,17 48 36.54,-24 16 34.8,8.916
PN PB    4,09 15 07.7471,-54 52 43.872,3.723
WRAY 16-156,14 33 17.97,-60 49 36.3,3.759
PN A66   35,12 53 32.7857,-22 52 22.569,0.227
[W65] c18,11 38 05.0961,-62 16 01.900,4492.363
PN M  2-21,17 58 09.58,-29 44 20.1,10.28
WRAY 16-66,10 07 23.6183,-63 54 30.063,4.447
PN M  1-57,18 40 20.2561,-10 39 47.216,4.557
PN A66   69,20 19 58.343,+38 24 02.16,4.255
WRAY 16-195,15 59 08.85,-58 23 52.8,3.834
PN VV  201,18 42 57.0075,-11 06 53.298,5.386
Hen 1-1,19 23 46.85,+21 06 37.5,7.979
FP J1912-0331,19 12 31.4741,-03 31 31.861,124.474
PN Bl  2-1,22 20 16.6272,+58 14 16.562,7.693
IRAS 17448-2131,17 47 48.4590,-21 32 11.164,819.538
IC 2501,09 38 47.1901,-60 05 30.807,2.815
NGC  7076,21 26 23.540,+62 53 31.83,1.886
NGC  7008,21 00 32.8176,+54 32 35.376,0.876
WRAY 16-46,09 24 45.8351,-54 36 15.511,4.045
PN M  3-10,17 27 20.19,-28 27 51.2,9.442
LBN 151.25+02.12,04 19 44.5,+53 08 50,4.5
WRAY 16-59,09 47 24.7963,-48 58 14.652,3.039
SV* HV  6516,14 15 59.6792,-61 53 50.267,1258.65
WRAY 16-174,15 19 29.6168,-57 22 25.201,2302.556
PN H  2-33,17 58 12.5489,-31 08 06.374,7.744
PN H  2-10,17 27 32.86,-28 31 06.9,14.23
[JCH96] NGC  4494 f,12 31 36.9908,+25 40 11.678,467.858
PN Pe  1-1,10 38 27.5856,-56 47 07.226,6.569
PN G114.0-04.6,23 45 47.7500,+57 03 58.443,1.745
PN M  1-11,07 11 16.6948,-19 51 02.898,4.975
PN M  3-26,18 16 11.44,-27 14 58.3,7.637
PN H  1-31,17 45 31.9673,-34 33 54.807,8.136
PN PC   21,18 45 35.215,-20 34 58.32,4.156
LSPM J0040+4135,00 40 13.8044,+41 35 29.030,82.86
PN PB   10,19 28 14.487,+12 19 37.11,4.274
PN G001.1+00.0,17 48 45.9960,-27 57 38.135,1557.875
IRAS 18461-0309,18 48 46.5434,-03 05 40.668,7.4
WRAY 16-184,15 38 01.2337,-58 44 42.445,3.474
NGC  7662,23 25 53.8318,+42 32 05.835,1757.47
PN M  2-42,18 22 32.08,-24 09 27.7,9.553
PN M  1-71,19 36 26.9207,+19 42 24.018,4.291
WRAY 16-157,14 40 30.9314,-52 34 56.917,3.085
PN H  1-15,17 28 37.6286,-24 51 07.218,9.157
IC 4699,18 18 32.0450,-45 59 01.735,7.781
TYC 6844-2864-1,18 23 36.8784,-22 36 22.551,2066.543
FP J1824-0319,18 24 40.8539,-03 19 59.515,195.244
PN SuWt    2,13 55 43.2309,-59 22 39.812,2258.356
PN H  2-41,18 12 23.765,-27 52 13.86,8.732
PN A66   74,21 16 52.3412,+24 08 51.095,657.722
NGC  2579,08 20 55.3,-36 13 23,890.0
HD 316989,18 01 30.2486,-29 19 29.611,1661.406
PN ShWi    2,18 03 03.4174,-29 46 16.391,3210.273
PN A66   78,21 35 29.3816,+31 41 45.449,1.64
NGC  5408,14 03 20.907,-41 22 39.75,4.81
NGC  2438,07 41 50.5194,-14 44 07.470,1.301
PN Hu  1-1,00 28 15.435,+55 57 54.48,7.547
NGC  6751,19 05 55.5383,-05 59 32.288,2.653
2MASS J05422123+2236471,05 42 21.2357,+22 36 47.043,1396.063
IRAS 18067-2746,18 09 51.0497,-27 46 00.698,1080.03
IC 1297,19 17 23.4475,-39 36 46.253,4.965
PN M  3-9,17 25 43.3720,-26 11 55.407,3.362
WRAY 16-8,07 47 20.0414,-51 15 03.432,9.814
PN M  3-17,17 56 25.65,-31 04 17.2,11.71
PN H  3-29,04 37 23.565,+25 02 43.90,3.459
WRAY 15-344,09 13 52.85,-55 28 17.2,12.64
PN K  3-70,05 58 45.3548,+25 18 43.910,19.61
[B61]  9,17 45 55.1802,-26 58 10.817,3289.474
PN We  1-6,07 17 26.0425,-10 10 36.939,3.27
PN M  2-51,22 16 03.890,+57 28 33.75,1.969
WRAY 16-224,16 29 59.70,-54 09 28.0,2.046
NGC  6285,16 58 24.016,+58 57 21.23,82.3
WRAY 16-169,15 11 56.56,-55 39 46.6,2.684
PN G050.5+00.0,19 24 14.5596,+15 39 11.192,5.4
IC 5148,21 59 35.0865,-39 23 08.233,1.08
PN Th  2-A,13 22 33.9621,-63 21 02.014,2.5
NGC  4361,12 24 30.7510,-18 47 05.567,0.898
[CJH91] NGC 1023 s,02 40 15.3429,+39 05 26.663,1120.951
PN M  3-5,08 02 28.9545,-27 41 55.197,7.292
NGC  3195,10 09 20.910,-80 51 30.73,1.998
PN Bl M,17 53 47.118,-28 27 17.11,8.45
[RP2006]  277,05 41 26.7172,-68 48 01.426,160.238
NGC  6826,19 44 48.1500,+50 31 30.249,1.624
PN Lo    4,10 05 45.7880,-44 21 33.523,3.916
PN H  2-15,17 34 26.817,-22 53 19.71,15.54
ESO 495-21,08 36 15.190,-26 24 33.66,7.8
[RP2006] J053612-711724,05 36 12.0463,-71 17 26.082,1947.8
[CJF89] NGC 3379 b,10 47 57.9646,+12 37 13.452,1024.066
PN M  3-42,17 26 59.85,-29 15 32.1,6.981
NGC  6905,20 22 22.9919,+20 06 16.285,1.782
PN M  2-43,18 26 40.0500,-02 42 57.364,3.215
PN K  4-48,06 39 55.842,+11 06 30.34,13.68
HD  62001,07 41 13.9029,-18 59 37.412,441.462
PN M  2-33,18 15 06.5634,-30 15 33.265,8.768
Ve 7-27,08 51 59.6873,-46 18 07.278,1405.679
PN MeWe  2-4,14 01 15.2567,-50 40 12.438,1158.614
PN H  1-60,18 12 25.22,-27 29 12.8,10.28
PN K  1-14,17 42 36.7639,+21 27 02.439,3.452
PN A66    5,02 52 15.071,+50 35 54.06,1.677
PN Fg    3,18 00 11.8162,-38 49 52.619,8.369
SH  2-4,17 18 23.9,-39 19 10,14.3
PN A66   66,19 57 31.5028,-21 36 46.209,0.579
PN K  4-39,19 53 05.7562,+23 13 36.026,15640.0
WRAY 16-136,13 49 32.5623,-61 31 42.272,3598.417
IRAS 20490+5934,20 50 13.5738,+59 45 51.124,484.848
PN K  3-72,06 23 54.880,+05 30 12.88,10.61
PN Hf  2-1,17 51 12.149,-34 55 24.31,6.236
PN A66   33,09 39 09.1418,-02 48 30.486,0.763
NGC  6879,20 10 26.6930,+16 55 21.272,7.781
PN We  2-262,23 52 18.0,+62 32 11,1625.0
GPM 185.184111+29.334027,12 20 44.1558,+29 20 02.188,2010.454
WRAY 16-220,16 24 37.79,-53 22 34.1,5.375
PN M  2-6,17 04 18.3283,-30 53 28.881,6.063
PN K  4-20,19 13 31.6239,+07 27 21.817,1367.802
NGC  6790,19 22 56.9729,+01 30 46.401,3.906
WRAY 15-1269,14 59 53.4819,-54 18 07.521,2072.968
Hen 2-447,19 45 22.1637,+21 20 03.923,6.116
PN Hu  1-2,21 33 08.3106,+39 38 09.554,3.355
WD 2218+706,22 19 33.6826,+70 56 03.182,335.312
[JCH96] NGC  4565 l,12 35 51.0562,+25 57 17.128,2309.469
NGC  2022,05 42 06.1904,+09 05 10.585,2.58
PN M  4-2,07 28 53.8248,-35 45 14.036,7.047
HD 316285,17 48 14.0372,-28 00 53.121,3322.26
HD 330036,15 51 15.9290,-48 44 58.559,8.167
NGC  1514,04 09 16.9855,+30 46 33.470,0.652
PN K  3-31,19 19 02.6456,+19 02 21.008,9.599
GRS G328.59 -00.52,15 59 28.4,-53 44 57,3.27
IC 4406,14 22 26.1440,-44 09 02.185,2.628
PN Y-C  2-17,15 08 20.7348,-23 14 50.474,1588.815
PN HaWe    5,03 45 26.6811,+37 48 52.217,320.821
NGC  2899,09 27 03.02,-56 06 21.1,1.026
PN K  3-33,19 22 26.6674,+10 41 21.260,15.18
PN A66    1,00 12 55,+69 10.4,2.564
WRAY 16-73,10 35 36.6900,-60 38 43.914,2857.143
CD-56  2932,09 43 25.6321,-57 16 55.530,2.455
[D75b] Em* 21-021,21 29 58.4711,+51 04 00.323,3735.525
HD 149427,16 37 42.7000,-55 42 26.393,6.576
[CJH91] NGC 1023 m,02 40 11.4605,+39 03 22.674,1150.483
PN M  1-38,18 06 05.74,-28 40 30.0,6.607
PN M  3-14,17 44 20.62,-34 06 40.6,5.765
PN SaWe    2,17 27 00.197,-27 40 35.11,2.334
M  57,18 53 35.0967,+33 01 44.883,0.842
NGC  6644,18 32 34.7028,-25 07 44.158,6.131
IC 4997,20 20 08.7557,+16 43 53.698,6.041
NGC  5189,13 33 32.8780,-65 58 27.041,0.678
PN H  1-8,17 14 42.93,-33 24 47.4,8.984
NGC  6781,19 18 28.085,+06 32 19.29,0.714
PN A66   20,07 22 57.6730,+01 45 33.942,2.0
PN K  3-1,18 23 21.73,+03 36 28.2,7.744
PN K  4-10,18 59 03.7591,+20 37 01.120,6.151
PN KFL   10,18 08 01.312,-26 54 01.52,9.884
V* AB Lep,05 55 06.6090,-22 54 02.422,1818.182
PN K  3-13,18 45 24.6682,+02 01 25.376,8.25
[JCH96] NGC  4565 q,12 36 03.5245,+26 04 15.713,992.556
PN Sa  3-151,18 58 51.7175,-00 32 54.195,1255.966
EGB  5,08 11 12.7657,+10 57 17.099,627.668
PN H  2-16,17 39 55.615,-21 14 13.31,5.329
PN M  2-12,17 24 01.4751,-25 59 23.283,8.494
V* BE UMa,11 57 44.8279,+48 56 18.313,1412.629
PN H  2-25,17 49 00.481,-23 42 54.59,11.59
PN Lo   11,16 03 22.211,-36 00 53.73,2.483
PN K  3-30,19 16 27.6992,+05 13 19.413,9.536
PN G352.0-06.7,17 54 20.8276,-39 10 37.882,1470.156
PN M  2-44,18 37 36.9561,-03 05 57.027,5.042
ESO 561-17,08 09 14.0874,-18 41 42.217,85.15
NGC  7354,22 40 19.8733,+61 17 08.746,1.579
ESO 182-4,18 09 30.5234,-52 33 56.364,80.54
2MASS J23091627+6647306,23 09 16.2836,+66 47 30.303,710.026
EGB  6,09 52 58.9865,+13 44 34.622,647.0
PN K  4-5,18 45 36.655,-06 18 40.08,7.845
PN K  3-23,19 09 43.2290,+11 05 14.999,12460.0
PN My   47,09 19 27.50,-59 12 00.3,2.006
PN M  1-39,18 07 30.7,-13 28 49,6.447
PN K  3-83,21 35 43.83,+50 54 16.2,8.733
PN M  3-11,17 35 21.4316,-20 57 23.430,7.046
PN A66   31,08 54 13.1641,+08 53 52.941,0.238
PN M  2-23,18 01 42.6413,-28 25 44.117,4.312
PN H  4-1,12 59 27.7810,+27 38 10.661,18.26
[JCH96] NGC  4565 h,12 36 18.9533,+25 52 08.687,1755.31
PN Jn    1,23 35 53.3214,+30 28 06.336,988.728
PHR J1244-6601,12 44 59.5776,-66 01 03.997,2739.73
PN Pe  1-6,16 23 54.309,-46 42 15.28,5.443
PN A66   15,06 27 02.0384,-25 22 49.700,3.734
PN M  2-4,17 01 06.2230,-34 49 38.610,7.083
TK 2,17 38 02.5440,+66 53 47.602,171.774
PN HDW    1,01 07 07.6233,+73 33 23.447,320.595
PN Pe  1-7,16 30 25.8656,-46 02 50.864,5.313
PN M  3-33,18 48 12.1403,-25 28 52.423,8.486
WRAY 16-117,12 30 30.4344,-64 52 05.689,6.0
PN K  3-73,20 03 59.953,+49 19 06.15,7.371
PN M  1-51,18 33 29.05,-11 07 26.5,2.326
PN K  1-12,07 50 11.602,-19 18 16.47,2.69
PN M  1-65,18 56 33.6348,+10 52 09.588,9.297
HD 331319,19 49 29.5618,+31 27 16.248,3165.559
PN M  2-30,18 12 34.40,-27 58 10.5,9.553
WRAY 15-1440,16 15 42.2912,-59 54 01.013,7.566
WRAY 16-98,11 39 11.1965,-68 52 08.982,6.953
PN Th  4-2,17 46 09.813,-18 39 30.89,5.431
PN PB    3,08 54 18.3578,-50 32 22.600,4.949
IC 4662,17 47 09.192,-64 38 19.25,2.44
PN M  1-35,18 03 39.30,-26 43 33.9,6.164
UCAC3 156-201972,18 21 02.9274,-12 27 45.687,3372.681
PN M  3-3,07 26 34.228,-05 21 52.16,5.877
PN M  1-54,18 36 08.357,-16 59 57.02,3.857
PN K  3-3,18 27 09.236,+01 14 24.33,4.666
PN K  3-7,18 34 13.60,-02 27 37.1,5.412
NGC  5873,15 12 50.8605,-38 07 31.585,5.508
NAME PN Pa 5,19 19 30.5039,+44 45 42.705,2303.086
PN KFL    1,17 59 15.585,-30 02 47.15,9.076
PN M  1-45,18 23 07.9832,-19 17 05.323,5.237
PN H  2-17,17 40 07.4258,-24 25 42.592,10.84
MPA J1858-1430,18 58 19.2770,-14 30 25.813,1378.55
PN G016.7-01.8,18 28 02.4778,-15 16 21.479,3310.162
[DSH2001] 520-9,17 45 52.4483,-26 08 49.200,1493.206
ESO 259-10,08 34 07.0636,-47 16 37.104,1090.394
NGC  6563,18 12 02.50,-33 52 07.0,1.665
2MASS J00423413+4048190,00 42 34.1410,+40 48 19.109,775.916
PN M  3-1,07 02 49.9034,-31 35 29.173,5.139
PN G160.5-00.5,04 46 42.7,+44 28 00,2.149
PN HbDs    1,09 52 44.5227,-46 16 47.456,745.99
PN H  1-3,16 53 31.33,-42 39 22.8,2.137
PN PB    8,11 33 17.8152,-57 06 14.925,7.383
PN H  1-19,17 30 02.57,-27 59 17.5,12.07
PN Th  3-19,17 28 41.8036,-28 27 19.720,18.42
PN H  1-65,18 20 08.8466,-24 15 05.268,7.87
PN Sa  3-5,07 28 26.1492,-17 57 39.390,3070.31
NGC  6772,19 14 36.373,-02 42 25.04,1.29
PN Mz    2,16 14 32.3972,-54 57 04.660,2.391
PN M  1-12,07 19 21.4685,-21 43 55.402,9.237
PN HaTr   12,19 03 47.2679,+05 09 41.044,2483.238
WRAY 16-212,16 17 14.3671,-53 32 05.512,7.834
PHR J1757-1649,17 57 39.6192,-16 49 19.683,1776.514
NAME PN AMU 1,19 31 08.8801,+43 24 57.692,1587.05
Hen 1-7,20 19 38.1286,+27 00 11.223,7.947
PN K  3-39,19 35 54.469,+24 54 48.20,19.08
PN K  3-9,18 40 24.1837,-08 43 46.321,7280.0
PN K  3-88,23 12 15.494,+64 39 17.73,17.81
